Sammy, Thompsom , YS, 16, 2009-12-29
Jessica, Watson , DB, 46, 2009-12-29
Mpho, Begue , CN, 66, 2009-12-29
Alix, Clinton , WC, 74, 2009-12-29
Carey, Zain , SY, 61, 2009-12-29
Austin, Sean , AC, 54, 2009-12-29
Kim, Barnes , UF, 82, 2009-12-29
Paul, Williams , AC, 81, 2009-12-29
Tom, Frasier , HX, 18, 2009-12-29
Lee, Gundwaon , NA, 71, 2009-12-29
Genevieve, Foden , VC, 64, 2009-12-29
Micheal, Khubeka , HH, 77, 2009-12-29
Steve, Harry , EC, 67, 2009-12-29
Isaac, Washington , EM, 90, 2009-12-29
Gary, David , XB, 69, 2009-12-29
Sammy, Thompsom , EC, 41, 2009-12-29
Jessica, Watson , HC, 55, 2009-12-29
Mpho, Begue , WA, 35, 2009-12-29
Alix, Clinton , WK, 21, 2009-12-29
Carey, Zain , SG, 17, 2009-12-29
Austin, Sean , GC, 93, 2009-12-29
Kim, Barnes , JF, 63, 2009-12-29
Paul, Williams , AE, 99, 2009-12-29
Tom, Frasier , WL, 28, 2009-12-29
Lee, Gundwaon , XB, 59, 2009-12-29
Genevieve, Foden , AH, 15, 2009-12-29
Micheal, Khubeka , HC, 16, 2009-12-29
Steve, Harry , HE, 46, 2009-12-29
Isaac, Washington , CF, 90, 2009-12-29
Gary, David , YB, 26, 2009-12-29
